{"YSGIU3ZPqBremcyzVqHjEA==":"wwew-852x800.jpg","A65Ic4CXG7hByEord3OGvQ==":"mbr-2-1620x1080.jpg","xwHRGvk/KOJ2d1W2RDUL0A==":"camila-cordeiro-242255-4896x3264.jpg","fgRBwnzCO2j7f4j5SfUWXA==":"mbr-3-1620x1080.jpg","RxlU7AYP7LwI0kgoEcedtA==":"brooke-cagle-241288-5274x3516.jpg","tQx8R/mB1KNv9Ta5miX/vA==":"christopher-sardegna-1733-2000x1333.jpg","D2pIrtLjmMCW4nhaxVYfOw==":"sam-wheeler-2304-3264x2448.jpg","2HB9xxB9scmgS/h7dA8zAw==":"mbr-1620x1080.jpg","MuGE9/Rn6Y5iM4Wl4ppiYw==":"banner-1.jpg","xdPKKu0zYI41sGtASjGyIA==":"banner-2.jpg","nu+q9EzIanZW8/HQhcSG9g==":"banner-1.jpeg","Y5s9+NWRH92f13LM9F+9FQ==":"banner-2.jpeg","tVsO/E4uc9WjJ1YUgpxFKQ==":"banner-3.jpeg","aV8nsQHP8dPKJUQUy3Kgyw==":"banner-4.jpeg","Pz39Wt4WZYump+bWVgnzEQ==":"banner-5.jpeg","W0r6Xwt6go4WPHOFPknG+Q==":"banner-6.jpeg","NgMNihK1MWI9QLx24FOAuQ==":"img-6933.jpeg","7eFnUtzuWPof8qoe/Z5p9g==":"-mg-3961.jpg","HoDQ8aD7oDlXy4H8qUnpPQ==":"img-214.jpg","nlv4l4t62QTfqc+O6BzDgg==":"img-214.jpeg","54FA1MKj8R5JzlkAy1xwTA==":"-mg-3963.jpg","Q2Tf1JqdP0rn3w54mZCeyQ==":"img-215.jpeg","ASDDUD1nh7Cl5EazZ7DRJA==":"img-6999.jpg","/NhmHqTGPk+bxFR1XUggIg==":"img-6999.jpeg","L4/DBFmARmWPFL++CUSs4w==":"banner-7.jpeg","SB4p3OKBtOxXLnTMhnjP0A==":"mbr.jpg","d/SqMaCq6fzlILnNeqfsSQ==":"img-7000.jpeg"}